VARIABLE,USED BY,REQUIRED WHEN,SECRET?,DEFAULT?,PROVIDER-SPECIFIC?,SAFE TO OMIT?
ARKESEL_API_KEY,src/lib/auth/otp/providers/arkesel.server.ts:11; src/lib/providers/catalog.mjs:1,ELEMARKET_OTP_PROVIDER=arkesel,Yes,none,Yes,Only when selected adapter/feature is unused
ARKESEL_OTP_MESSAGE,src/lib/auth/otp/providers/arkesel.server.ts:68,Optional feature configuration; see use sites,No,Adapter OTP template,Yes,Yes; documented fallback or disabled feature
ARKESEL_OTP_SENDER_ID,src/lib/auth/otp/providers/arkesel.server.ts:62; src/lib/providers/catalog.mjs:77; src/lib/providers/catalog.mjs:1,ELEMARKET_OTP_PROVIDER=arkesel,No,0,Yes,Only when selected adapter/feature is unused
BETTER_AUTH_IP_HEADER,scripts/validate-startup-env.mjs:17; src/lib/auth/server.ts:50,Shared non-Vercel ingress; proxy must overwrite this header,No,none,No (platform/capability configuration),Conditional; see required-when column
BETTER_AUTH_SECRET,scripts/validate-startup-env.mjs:91; src/lib/auth/email/email-otp.server.ts:20; src/lib/auth/server.ts:27; src/lib/auth/server.ts:81; src/lib/market/homepage.functions.ts:36; src/lib/market/homepage.server.ts:36; src/lib/market/search.server.ts:78; src/routes/homepage.functions.ts:36,Every shared deployment (staging or production),Yes,"runtime-generated development secret"",No (platform/capability configuration),No for shared deployment
BETTER_AUTH_TRUSTED_ORIGINS,src/lib/auth/server.ts:30,Optional feature configuration; see use sites,No,"""""",No (platform/capability configuration),Yes; documented fallback or disabled feature
BETTER_AUTH_TRUSTED_PROXIES,src/lib/auth/server.ts:51,Optional feature configuration; see use sites,No,"""""",No (platform/capability configuration),Yes; documented fallback or disabled feature
BETTER_AUTH_URL,scripts/validate-startup-env.mjs:97; src/lib/auth/server.ts:29,Every shared deployment (staging or production),No,none,No (platform/capability configuration),No for shared deployment
BROWSER_SMOKE_BASELINE,scripts/browser-smoke-verdict.mjs:19,Explicit test/load/browser tooling only,No,"""""",No (platform/capability configuration),Yes; documented fallback or disabled feature
BROWSER_SMOKE_TIMEOUT_MS,scripts/browser-smoke.mjs:61,Explicit test/load/browser tooling only,No,45000,No (platform/capability configuration),Yes; documented fallback or disabled feature
CLOUDFLARE_R2_ACCESS_KEY_ID,src/lib/storage/r2.server.ts:15; src/lib/providers/catalog.mjs:1,ELEMARKET_STORAGE_PROVIDER=r2,Yes,none,Yes,Only when selected adapter/feature is unused
CLOUDFLARE_R2_ACCOUNT_ID,src/lib/providers/browser-policy.mjs:23; src/lib/providers/catalog.mjs:67; src/lib/storage/r2.server.ts:11; src/lib/providers/catalog.mjs:1,ELEMARKET_STORAGE_PROVIDER=r2,No,'',Yes,Only when selected adapter/feature is unused
CLOUDFLARE_R2_BUCKET,src/lib/providers/browser-policy.mjs:24; src/lib/providers/catalog.mjs:68; src/lib/storage/r2.server.ts:12; src/lib/providers/catalog.mjs:1,ELEMARKET_STORAGE_PROVIDER=r2,No,'',Yes,Only when selected adapter/feature is unused
CLOUDFLARE_R2_SECRET_ACCESS_KEY,src/lib/storage/r2.server.ts:15; src/lib/providers/catalog.mjs:1,ELEMARKET_STORAGE_PROVIDER=r2,Yes,none,Yes,Only when selected adapter/feature is unused
CRON_SECRET,src/routes/api.enterprise.catalog.sync.ts:7; src/routes/api.internal.enterprise-order-outbox.ts:7; src/routes/api.internal.enterprise-webhook-worker.ts:7; src/routes/api.internal.expire-payment-orders.ts:8; src/routes/api.internal.sync-enterprise-catalogs.ts:7,Every shared deployment (staging or production),Yes,none,No (platform/capability configuration),No for shared deployment
DATABASE_URL,scripts/configure-payment-providers.mjs:63; scripts/migrate.mjs:21; scripts/rotate-merchant-sensitive-data.mjs:8; scripts/validate-runtime-db.mjs:6; scripts/validate-startup-env.mjs:6; scripts/validate-startup-env.mjs:26; src/lib/auth/server.ts:24; src/lib/auth/verify.server.ts:15; src/lib/db.ts:11; src/lib/env.server.ts:30,Every shared deployment (staging or production),Yes,none,No (platform/capability configuration),No for shared deployment
ELEMARKET_ALLOW_SYNTHETIC_SEED,scripts/admin-orders.browser.mjs:13; scripts/seed-security-browser.mjs:8,Explicit test/load/browser tooling only,No,none,No (platform/capability configuration),Yes; documented fallback or disabled feature
ELEMARKET_BROWSER_CDP,scripts/admin-orders.browser.mjs:16; scripts/admin-orders.browser.mjs:36; scripts/order-navigation.browser.mjs:10; scripts/order-navigation.browser.mjs:97,Explicit test/load/browser tooling only,No,none,No (platform/capability configuration),Yes; documented fallback or disabled feature
ELEMARKET_BROWSER_FIXTURE,scripts/order-navigation.browser.mjs:13; scripts/order-navigation.browser.mjs:70; scripts/seed-security-browser.mjs:21; scripts/seed-security-browser.mjs:51,Explicit test/load/browser tooling only,No,none,No (platform/capability configuration),Yes; documented fallback or disabled feature
ELEMARKET_BROWSER_ORIGIN,scripts/admin-orders.browser.mjs:7; scripts/order-navigation.browser.mjs:6,Explicit test/load/browser tooling only,No,"""http://localhost:8080""",No (platform/capability configuration),Yes; documented fallback or disabled feature
ELEMARKET_BROWSER_SCREENSHOT,scripts/admin-orders.browser.mjs:106; scripts/admin-orders.browser.mjs:107,Explicit test/load/browser tooling only,No,none,No (platform/capability configuration),Yes; documented fallback or disabled feature
ELEMARKET_CSP_CONNECT_SRC,src/lib/providers/browser-policy.mjs:20,Optional feature configuration; see use sites,No,empty extra origin list,No (platform/capability configuration),Yes; documented fallback or disabled feature
ELEMARKET_DELIVERY_<ALIAS>_ENDPOINT,src/lib/providers/catalog.mjs:1,Selected delivery alias,No,none,No (platform/capability configuration),Only when selected adapter/feature is unused
ELEMARKET_DELIVERY_<ALIAS>_SECRET,src/lib/providers/catalog.mjs:1,Selected delivery alias,Yes,none,No (platform/capability configuration),Only when selected adapter/feature is unused
ELEMARKET_DELIVERY_PROVIDER,src/lib/market/adapters/delivery.server.ts:72; src/lib/market/adapters/delivery.server.ts:76; src/lib/market/adapters/delivery.server.ts:92; src/lib/providers/catalog.mjs:78,Every shared deployment (staging or production),No,none,No (platform/capability configuration),No for shared deployment
ELEMARKET_EMAIL_PROVIDER,src/lib/providers/catalog.mjs:1,Shared deployment; explicit email adapter selection,No,none,No (platform/capability configuration),No for shared deployment
ELEMARKET_ENABLE_PREVIEW_SETTLEMENT,src/lib/market/payment.server.ts:252,Optional feature configuration; see use sites,No,none,No (platform/capability configuration),Yes; documented fallback or disabled feature
ELEMARKET_ENTERPRISE_SYNC_BATCH_SIZE,src/lib/market/enterprise-catalog.server.ts:422,Optional feature configuration; see use sites,No,"""10""",No (platform/capability configuration),Yes; documented fallback or disabled feature
ELEMARKET_ENTERPRISE_SYNC_SECRET,scripts/run-brand-integration-worker.mjs:8; src/routes/api.enterprise.catalog.sync.ts:7; src/routes/api.internal.brand-integration-worker.ts:16; src/routes/api.internal.enterprise-order-outbox.ts:7; src/routes/api.internal.enterprise-webhook-worker.ts:7,Every shared deployment (staging or production),Yes,none,No (platform/capability configuration),No for shared deployment
ELEMARKET_ENTERPRISE_SYNC_WRITE_BATCH_SIZE,src/lib/market/enterprise-catalog.server.ts:210,Optional feature configuration; see use sites,No,"""100""",No (platform/capability configuration),Yes; documented fallback or disabled feature
ELEMARKET_ENV,scripts/admin-orders.browser.mjs:14; scripts/configure-payment-providers.mjs:12; scripts/configure-payment-providers.mjs:29; scripts/configure-payment-providers.mjs:30; scripts/migrate.mjs:23; scripts/postgres-config.mjs:7; scripts/seed-security-browser.mjs:13; scripts/validate-runtime-db.mjs:8; scripts/validate-runtime-db.mjs:19; scripts/validate-startup-env.mjs:5; src/lib/auth/verify.server.ts:17; src/lib/env.server.ts:9; src/lib/env.server.ts:33; src/lib/market/homepage.functions.ts:54; src/lib/market/homepage.server.ts:54; src/lib/providers/catalog.mjs:53; src/lib/providers/catalog.mjs:97; src/lib/providers/catalog.mjs:99; src/lib/providers/catalog.mjs:101; src/lib/security/rate-limit.server.ts:43; src/routes/homepage.functions.ts:54,Every shared deployment (staging or production),No,NODE_ENV=production implies production in runtime; shared startup requires explicit canonical value,No (platform/capability configuration),No for shared deployment
ELEMARKET_INTEGRATION_DATABASE_URL,scripts/admin-orders.browser.mjs:8; scripts/seed-security-browser.mjs:16,Explicit test/load/browser tooling only,Yes,none,No (platform/capability configuration),Yes; documented fallback or disabled feature
ELEMARKET_KYB_PROVIDER,src/lib/providers/catalog.mjs:1,Optional; defaults to manual,No,manual,No (platform/capability configuration),Yes; documented fallback or disabled feature
ELEMARKET_LOCATION_PROVIDER,src/lib/providers/catalog.mjs:1,Shared deployment; explicit location adapter selection,No,none,No (platform/capability configuration),No for shared deployment
ELEMARKET_MERCHANT_DATA_ENCRYPTION_KEY,scripts/rotate-merchant-sensitive-data.mjs:6; scripts/validate-startup-env.mjs:71,Every shared deployment (staging or production),Yes,none,No (platform/capability configuration),No for shared deployment
ELEMARKET_MERCHANT_DATA_ENCRYPTION_KEY_PREVIOUS,scripts/rotate-merchant-sensitive-data.mjs:7; scripts/validate-startup-env.mjs:82,Only while rotating encrypted merchant data,Yes,none,No (platform/capability configuration),Conditional; see required-when column
ELEMARKET_OTP_PROVIDER,src/lib/providers/catalog.mjs:1,Shared deployment; explicit otp adapter selection,No,none,No (platform/capability configuration),No for shared deployment
ELEMARKET_PAYMENT_<ALIAS>_CHECKOUT_HOSTS,src/lib/market/payment.server.ts:1,Optional narrowing of checkout hosts,No,Selected adapter approved checkout hosts,No (platform/capability configuration),Yes; documented fallback or disabled feature
ELEMARKET_PAYMENT_<ALIAS>_DRIVER,src/lib/providers/catalog.mjs:1,Each configured payment alias,No,none,No (platform/capability configuration),Only when selected adapter/feature is unused
ELEMARKET_PAYMENT_<ALIAS>_SECRET,src/lib/providers/catalog.mjs:1,Installed payment driver for each configured alias,Yes,none,No (platform/capability configuration),Only when selected adapter/feature is unused
ELEMARKET_PAYMENT_PROVIDERS,scripts/configure-payment-providers.mjs:13; scripts/validate-runtime-db.mjs:14; src/lib/providers/catalog.mjs:84,Every shared deployment (staging or production),No,'',No (platform/capability configuration),No for shared deployment
ELEMARKET_PROXY_OVERWRITES_FORWARDED_FOR,scripts/validate-startup-env.mjs:17; src/lib/env.server.ts:38,Trusted forwarded-IP ingress; value 1,No,none,No (platform/capability configuration),Conditional; see required-when column
ELEMARKET_PUBLIC_URL,scripts/run-brand-integration-worker.mjs:4; scripts/run-scheduled-job.mjs:10; scripts/validate-startup-env.mjs:113; src/lib/market/payment.server.ts:99,Every shared deployment (staging or production),No,none,No (platform/capability configuration),No for shared deployment
ELEMARKET_PUSH_PROVIDER,src/lib/providers/catalog.mjs:1,Optional; defaults to disabled,No,disabled,No (platform/capability configuration),Yes; documented fallback or disabled feature
ELEMARKET_REAL_API_MODE,scripts/validate-startup-env.mjs:112,Optional UI deployment behavior; does not bypass shared security gates,No,none,No (platform/capability configuration),Yes; documented fallback or disabled feature
ELEMARKET_SEARCH_PROVIDER,src/lib/market/adapters/search-registry.server.ts:5; src/lib/providers/catalog.mjs:1,Optional; defaults to postgres,No,postgres,No (platform/capability configuration),Yes; documented fallback or disabled feature
ELEMARKET_SECURITY_ALERT_WEBHOOK_URL,src/lib/observability/security-alert.server.ts:38,Only when outbound security alerts enabled,Yes,none,No (platform/capability configuration),Conditional; see required-when column
ELEMARKET_SETTLEMENT_MODE,scripts/configure-payment-providers.mjs:29; scripts/configure-payment-providers.mjs:30; src/lib/providers/catalog.mjs:99; src/lib/providers/catalog.mjs:101,Every shared deployment (staging or production),No,'',No (platform/capability configuration),No for shared deployment
ELEMARKET_STORAGE_PROVIDER,src/lib/providers/browser-policy.mjs:21; src/lib/providers/browser-policy.mjs:22; src/lib/providers/catalog.mjs:1,Shared deployment; explicit storage adapter selection,No,none,No (platform/capability configuration),No for shared deployment
ELEMARKET_TRUST_PROXY,scripts/validate-startup-env.mjs:17; src/lib/auth/server.ts:55; src/lib/env.server.ts:38; src/lib/security/rate-limit.server.ts:24,Shared deployment except trusted Vercel ingress; value 1,No,none,No (platform/capability configuration),Conditional; see required-when column
EXPO_PUBLIC_API_BASE_URL,mobile/src/auth.ts:4,Mobile build targeting the deployed HTTPS API,No,"""""",No (platform/capability configuration),Yes; documented fallback or disabled feature
FCM_SERVICE_ACCOUNT_JSON,src/lib/notifications/push/providers/fcm.server.ts:17; src/lib/providers/catalog.mjs:73; src/lib/providers/catalog.mjs:1,ELEMARKET_PUSH_PROVIDER=fcm,Yes,'',Yes,Only when selected adapter/feature is unused
FYLINGS_API_KEY,src/lib/kyb/providers/fylings.server.ts:34; src/lib/providers/catalog.mjs:1,ELEMARKET_KYB_PROVIDER=fylings,Yes,none,Yes,Only when selected adapter/feature is unused
FYLINGS_BASE_URL,src/lib/kyb/providers/fylings.server.ts:34; src/lib/providers/catalog.mjs:70,Optional feature configuration; see use sites,No,Adapter HTTPS base URL,Yes,Yes; documented fallback or disabled feature
GEOAPIFY_API_KEY,src/lib/market/adapters/location-registry.server.ts:4; src/lib/providers/catalog.mjs:1,ELEMARKET_LOCATION_PROVIDER=geoapify,Yes,none,Yes,Only when selected adapter/feature is unused
HOST,server/entry.ts:7,Optional feature configuration; see use sites,No,0.0.0.0,No (platform/capability configuration),Yes; documented fallback or disabled feature
LOAD_TEST_ALLOW_PRODUCTION,scripts/load-test.mjs:9,Explicit test/load/browser tooling only,No,none,No (platform/capability configuration),Yes; documented fallback or disabled feature
LOAD_TEST_BASE_URL,scripts/load-test.mjs:4,Explicit test/load/browser tooling only,No,"""http://localhost:8080""",No (platform/capability configuration),Yes; documented fallback or disabled feature
LOAD_TEST_BEARER_TOKEN,scripts/load-test.mjs:16,Explicit test/load/browser tooling only,Yes,none,No (platform/capability configuration),Yes; documented fallback or disabled feature
LOAD_TEST_BODY,scripts/load-test.mjs:18,Explicit test/load/browser tooling only,No,none,No (platform/capability configuration),Yes; documented fallback or disabled feature
LOAD_TEST_CONCURRENCY,scripts/load-test.mjs:7,Explicit test/load/browser tooling only,No,"""25""",No (platform/capability configuration),Yes; documented fallback or disabled feature
LOAD_TEST_CONTENT_TYPE,scripts/load-test.mjs:17,Explicit test/load/browser tooling only,No,none,No (platform/capability configuration),Yes; documented fallback or disabled feature
LOAD_TEST_METHOD,scripts/load-test.mjs:6,Explicit test/load/browser tooling only,No,"""GET""",No (platform/capability configuration),Yes; documented fallback or disabled feature
LOAD_TEST_PATH,scripts/load-test.mjs:5,Explicit test/load/browser tooling only,No,"""/""",No (platform/capability configuration),Yes; documented fallback or disabled feature
LOAD_TEST_REQUESTS,scripts/load-test.mjs:8,Explicit test/load/browser tooling only,No,"""250""",No (platform/capability configuration),Yes; documented fallback or disabled feature
NODE_ENV,scripts/migrate.mjs:23; scripts/validate-startup-env.mjs:6; src/lib/env.server.ts:13,Optional feature configuration; see use sites,No,Set by deployment/toolchain,No (platform/capability configuration),Yes; documented fallback or disabled feature
PG_POOL_MAX,scripts/postgres-config.mjs:5,Optional feature configuration; see use sites,No,10,No (platform/capability configuration),Yes; documented fallback or disabled feature
PG_SSL_CA_FILE,scripts/postgres-config.mjs:28,Custom PostgreSQL CA with PG_SSL_MODE=verify-full,No,none,No (platform/capability configuration),Only when selected adapter/feature is unused
PG_SSL_MODE,scripts/postgres-config.mjs:9; scripts/validate-startup-env.mjs:24,Every shared deployment (staging or production),No,none,No (platform/capability configuration),No for shared deployment
PORT,server/entry.ts:5,Optional feature configuration; see use sites,No,8080,No (platform/capability configuration),Yes; documented fallback or disabled feature
PREVIEW_READY_TIMEOUT_MS,scripts/preview.mjs:32,Explicit test/load/browser tooling only,No,60000,No (platform/capability configuration),Yes; documented fallback or disabled feature
REDIS_HTTP_TOKEN,scripts/validate-startup-env.mjs:45; src/lib/security/rate-limit.server.ts:71,REDIS_URL uses HTTPS REST,Yes,none,No (platform/capability configuration),Conditional; see required-when column
REDIS_URL,scripts/validate-startup-env.mjs:35; src/lib/env.server.ts:32; src/lib/security/rate-limit.server.ts:70,Optional rate-limit acceleration; PostgreSQL is the durable fallback,Yes,none,No (platform/capability configuration),Yes; documented fallback or disabled feature
RENDER,scripts/postgres-config.mjs:8,Optional feature configuration; see use sites,No,none,No (platform/capability configuration),Yes; documented fallback or disabled feature
RESEND_API_KEY,src/lib/auth/email/providers/resend.server.ts:22; src/lib/providers/catalog.mjs:1,ELEMARKET_EMAIL_PROVIDER=resend,Yes,none,Yes,Only when selected adapter/feature is unused
RESEND_FROM_EMAIL,src/lib/auth/email/providers/resend.server.ts:23; src/lib/providers/catalog.mjs:1,ELEMARKET_EMAIL_PROVIDER=resend,No,none,Yes,Only when selected adapter/feature is unused
RESEND_REPLY_TO,src/lib/auth/email/providers/resend.server.ts:24,Optional feature configuration; see use sites,No,omitted,Yes,Yes; documented fallback or disabled feature
RESEND_WEBHOOK_SECRET,src/lib/auth/email/providers/resend-webhook.server.ts:28; src/lib/providers/catalog.mjs:1,ELEMARKET_EMAIL_PROVIDER=resend,Yes,none,Yes,Only when selected adapter/feature is unused
SEARCH_CURSOR_SECRET,src/lib/market/search.server.ts:78,Optional independent cursor signing key; shared auth secret is fallback,Yes,BETTER_AUTH_SECRET; development-only fallback outside shared startup,No (platform/capability configuration),Yes; documented fallback or disabled feature
STORAGE_ACCESS_KEY_ID,src/lib/storage/registry.server.ts:7; src/lib/providers/catalog.mjs:1,ELEMARKET_STORAGE_PROVIDER=s3,Yes,none,No (platform/capability configuration),Only when selected adapter/feature is unused
STORAGE_BUCKET,src/lib/providers/catalog.mjs:64; src/lib/storage/registry.server.ts:7; src/lib/providers/catalog.mjs:1,ELEMARKET_STORAGE_PROVIDER=s3,No,'',No (platform/capability configuration),Only when selected adapter/feature is unused
STORAGE_ENDPOINT,src/lib/providers/browser-policy.mjs:21; src/lib/providers/catalog.mjs:62; src/lib/storage/registry.server.ts:7; src/lib/providers/catalog.mjs:1,ELEMARKET_STORAGE_PROVIDER=s3,No,'',No (platform/capability configuration),Only when selected adapter/feature is unused
STORAGE_REGION,src/lib/providers/catalog.mjs:63; src/lib/storage/registry.server.ts:7; src/lib/providers/catalog.mjs:1,ELEMARKET_STORAGE_PROVIDER=s3,No,'',No (platform/capability configuration),Only when selected adapter/feature is unused
STORAGE_SECRET_ACCESS_KEY,src/lib/storage/registry.server.ts:7; src/lib/providers/catalog.mjs:1,ELEMARKET_STORAGE_PROVIDER=s3,Yes,none,No (platform/capability configuration),Only when selected adapter/feature is unused
TYPESENSE_HOST,src/lib/market/adapters/search-registry.server.ts:8; src/lib/providers/catalog.mjs:59; src/lib/providers/catalog.mjs:1,ELEMARKET_SEARCH_PROVIDER=typesense,No,'',Yes,Only when selected adapter/feature is unused
TYPESENSE_SEARCH_KEY,src/lib/market/adapters/search-registry.server.ts:8; src/lib/providers/catalog.mjs:1,ELEMARKET_SEARCH_PROVIDER=typesense,Yes,none,Yes,Only when selected adapter/feature is unused
VERCEL,scripts/validate-startup-env.mjs:6; scripts/validate-startup-env.mjs:17; src/lib/security/rate-limit.server.ts:24; src/lib/security/rate-limit.server.ts:36,Optional feature configuration; see use sites,No,none,No (platform/capability configuration),Yes; documented fallback or disabled feature
VITE_APP_VERSION,src/lib/notifications/push/fcm.client.ts:113,Optional feature configuration; see use sites,No,none,No (platform/capability configuration),Yes; documented fallback or disabled feature
VITE_AUTH_ENABLED,scripts/validate-startup-env.mjs:107; src/lib/auth/client.ts:4; src/lib/auth/server.ts:23; src/lib/auth/use-current-user.ts:58,Optional; false forbidden in shared deployments,No,enabled,No (platform/capability configuration),Yes; documented fallback or disabled feature
VITE_ELEMARKET_SUPPORT_EMAIL,src/components/contact-support-widget.tsx:11,Optional feature configuration; see use sites,No,none,No (platform/capability configuration),Yes; documented fallback or disabled feature
VITE_ELEMARKET_SUPPORT_PHONE,src/components/contact-support-widget.tsx:12,Optional feature configuration; see use sites,No,none,No (platform/capability configuration),Yes; documented fallback or disabled feature
VITE_ELEMARKET_SUPPORT_WHATSAPP,src/components/contact-support-widget.tsx:13,Optional feature configuration; see use sites,No,none,No (platform/capability configuration),Yes; documented fallback or disabled feature
VITE_FIREBASE_API_KEY,src/lib/notifications/push/fcm.client.ts:33,Selected push adapter fcm (browser build and runtime metadata),No,"""""",Yes,Only when selected adapter/feature is unused
VITE_FIREBASE_APP_ID,src/lib/notifications/push/fcm.client.ts:38,Selected push adapter fcm (browser build and runtime metadata),No,"""""",Yes,Only when selected adapter/feature is unused
VITE_FIREBASE_AUTH_DOMAIN,src/lib/notifications/push/fcm.client.ts:34,Selected push adapter fcm (browser build and runtime metadata),No,"""""",Yes,Only when selected adapter/feature is unused
VITE_FIREBASE_MESSAGING_SENDER_ID,src/lib/notifications/push/fcm.client.ts:37,Selected push adapter fcm (browser build and runtime metadata),No,"""""",Yes,Only when selected adapter/feature is unused
VITE_FIREBASE_PROJECT_ID,src/lib/notifications/push/fcm.client.ts:35,Selected push adapter fcm (browser build and runtime metadata),No,"""""",Yes,Only when selected adapter/feature is unused
VITE_FIREBASE_STORAGE_BUCKET,src/lib/notifications/push/fcm.client.ts:36,Selected push adapter fcm (browser build and runtime metadata),No,"""""",Yes,Only when selected adapter/feature is unused
VITE_FIREBASE_VAPID_KEY,src/lib/notifications/push/fcm.client.ts:103; src/lib/notifications/push/fcm.client.ts:126,Selected push adapter fcm (browser build and runtime metadata),No,"""""",Yes,Only when selected adapter/feature is unused
VITE_STUN_URLS,src/lib/multiplayer/p2p.ts:85,Only for externally assisted WebRTC connectivity,No,empty list,No (platform/capability configuration),Yes; documented fallback or disabled feature
